FirstName,LastName,Email,Phone,Title,AccountId,Account_Name_Reference
Stefan,Müller,stefan.mueller@hotest001.de,+49-30-1001001,CEO,{{ACCOUNT_ID}},HO_Test_Account_001
Anna,Schmidt,anna.schmidt@hotest001.de,+49-30-1001002,HR Manager,{{ACCOUNT_ID}},HO_Test_Account_001
Thomas,Weber,thomas.weber@hotest001.de,+49-30-1001003,HR Specialist,{{ACCOUNT_ID}},HO_Test_Account_001
Julia,Fischer,julia.fischer@hotest001.de,+49-30-1001004,Recruiter,{{ACCOUNT_ID}},HO_Test_Account_001
Michael,Wagner,michael.wagner@hotest001.de,+49-30-1001005,Assistant,{{ACCOUNT_ID}},HO_Test_Account_001
Klaus,Becker,klaus.becker@hotest002.de,+49-30-1002001,CEO,{{ACCOUNT_ID}},HO_Test_Account_002
Maria,Hoffmann,maria.hoffmann@hotest002.de,+49-30-1002002,HR Manager,{{ACCOUNT_ID}},HO_Test_Account_002
Peter,Schulz,peter.schulz@hotest002.de,+49-30-1002003,HR Specialist,{{ACCOUNT_ID}},HO_Test_Account_002
Sandra,Koch,sandra.koch@hotest002.de,+49-30-1002004,Recruiter,{{ACCOUNT_ID}},HO_Test_Account_002
Andreas,Richter,andreas.richter@hotest002.de,+49-30-1002005,Assistant,{{ACCOUNT_ID}},HO_Test_Account_002
Martin,Klein,martin.klein@hotest003.de,+49-30-1003001,CEO,{{ACCOUNT_ID}},HO_Test_Account_003
Laura,Wolf,laura.wolf@hotest003.de,+49-30-1003002,HR Manager,{{ACCOUNT_ID}},HO_Test_Account_003
Frank,Schröder,frank.schroeder@hotest003.de,+49-30-1003003,HR Specialist,{{ACCOUNT_ID}},HO_Test_Account_003
Nina,Neumann,nina.neumann@hotest003.de,+49-30-1003004,Recruiter,{{ACCOUNT_ID}},HO_Test_Account_003
Christian,Schwarz,christian.schwarz@hotest003.de,+49-30-1003005,Assistant,{{ACCOUNT_ID}},HO_Test_Account_003
Wolfgang,Zimmermann,wolfgang.zimmermann@hotest004.de,+49-30-1004001,CEO,{{ACCOUNT_ID}},HO_Test_Account_004
Sabine,Braun,sabine.braun@hotest004.de,+49-30-1004002,HR Manager,{{ACCOUNT_ID}},HO_Test_Account_004
Jürgen,Hartmann,juergen.hartmann@hotest004.de,+49-30-1004003,HR Specialist,{{ACCOUNT_ID}},HO_Test_Account_004
Karin,Lange,karin.lange@hotest004.de,+49-30-1004004,Recruiter,{{ACCOUNT_ID}},HO_Test_Account_004
Bernd,Werner,bernd.werner@hotest004.de,+49-30-1004005,Assistant,{{ACCOUNT_ID}},HO_Test_Account_004
Rainer,Krause,rainer.krause@hotest005.de,+49-221-1005001,CEO,{{ACCOUNT_ID}},HO_Test_Account_005
Monika,Meier,monika.meier@hotest005.de,+49-221-1005002,HR Manager,{{ACCOUNT_ID}},HO_Test_Account_005
Uwe,Lehmann,uwe.lehmann@hotest005.de,+49-221-1005003,HR Specialist,{{ACCOUNT_ID}},HO_Test_Account_005
Petra,Schmitt,petra.schmitt@hotest005.de,+49-221-1005004,Recruiter,{{ACCOUNT_ID}},HO_Test_Account_005
Dieter,Maier,dieter.maier@hotest005.de,+49-221-1005005,Assistant,{{ACCOUNT_ID}},HO_Test_Account_005
Hans,Köhler,hans.koehler@hotest006.de,+49-89-1006001,CEO,{{ACCOUNT_ID}},HO_Test_Account_006
Gisela,König,gisela.koenig@hotest006.de,+49-89-1006002,HR Manager,{{ACCOUNT_ID}},HO_Test_Account_006
Helmut,Mayer,helmut.mayer@hotest006.de,+49-89-1006003,HR Specialist,{{ACCOUNT_ID}},HO_Test_Account_006
Renate,Peters,renate.peters@hotest006.de,+49-89-1006004,Recruiter,{{ACCOUNT_ID}},HO_Test_Account_006
Gerhard,Huber,gerhard.huber@hotest006.de,+49-89-1006005,Assistant,{{ACCOUNT_ID}},HO_Test_Account_006
Heinrich,Krüger,heinrich.krueger@hotest007.de,+49-89-1007001,CEO,{{ACCOUNT_ID}},HO_Test_Account_007
Ingrid,Scholz,ingrid.scholz@hotest007.de,+49-89-1007002,HR Manager,{{ACCOUNT_ID}},HO_Test_Account_007
Werner,Vogel,werner.vogel@hotest007.de,+49-89-1007003,HR Specialist,{{ACCOUNT_ID}},HO_Test_Account_007
Ursula,Schuster,ursula.schuster@hotest007.de,+49-89-1007004,Recruiter,{{ACCOUNT_ID}},HO_Test_Account_007
Karl,Jäger,karl.jaeger@hotest007.de,+49-89-1007005,Assistant,{{ACCOUNT_ID}},HO_Test_Account_007
Friedrich,Lorenz,friedrich.lorenz@hotest008.de,+49-89-1008001,CEO,{{ACCOUNT_ID}},HO_Test_Account_008
Hildegard,Ludwig,hildegard.ludwig@hotest008.de,+49-89-1008002,HR Manager,{{ACCOUNT_ID}},HO_Test_Account_008
Ernst,Baumann,ernst.baumann@hotest008.de,+49-89-1008003,HR Specialist,{{ACCOUNT_ID}},HO_Test_Account_008
Elfriede,Fuchs,elfriede.fuchs@hotest008.de,+49-89-1008004,Recruiter,{{ACCOUNT_ID}},HO_Test_Account_008
Walter,Böhm,walter.boehm@hotest008.de,+49-89-1008005,Assistant,{{ACCOUNT_ID}},HO_Test_Account_008
Georg,Franke,georg.franke@hotest009.de,+49-40-1009001,CEO,{{ACCOUNT_ID}},HO_Test_Account_009
Christa,Albrecht,christa.albrecht@hotest009.de,+49-40-1009002,HR Manager,{{ACCOUNT_ID}},HO_Test_Account_009
Otto,Simon,otto.simon@hotest009.de,+49-40-1009003,HR Specialist,{{ACCOUNT_ID}},HO_Test_Account_009
Helga,Winter,helga.winter@hotest009.de,+49-40-1009004,Recruiter,{{ACCOUNT_ID}},HO_Test_Account_009
Kurt,Sommer,kurt.sommer@hotest009.de,+49-40-1009005,Assistant,{{ACCOUNT_ID}},HO_Test_Account_009
Horst,Haas,horst.haas@hotest010.de,+49-40-1010001,CEO,{{ACCOUNT_ID}},HO_Test_Account_010
Erika,Graf,erika.graf@hotest010.de,+49-40-1010002,HR Manager,{{ACCOUNT_ID}},HO_Test_Account_010
Günther,Heinrich,guenther.heinrich@hotest010.de,+49-40-1010003,HR Specialist,{{ACCOUNT_ID}},HO_Test_Account_010
Margot,Schreiber,margot.schreiber@hotest010.de,+49-40-1010004,Recruiter,{{ACCOUNT_ID}},HO_Test_Account_010
Wilhelm,Kraft,wilhelm.kraft@hotest010.de,+49-40-1010005,Assistant,{{ACCOUNT_ID}},HO_Test_Account_010
Max,Engel,max.engel@hotest011.de,+49-40-1011001,CEO,{{ACCOUNT_ID}},HO_Test_Account_011
Sophie,Horn,sophie.horn@hotest011.de,+49-40-1011002,HR Manager,{{ACCOUNT_ID}},HO_Test_Account_011
Lukas,Sauer,lukas.sauer@hotest011.de,+49-40-1011003,HR Specialist,{{ACCOUNT_ID}},HO_Test_Account_011
Emma,Bauer,emma.bauer@hotest011.de,+49-40-1011004,Recruiter,{{ACCOUNT_ID}},HO_Test_Account_011
Leon,Arnold,leon.arnold@hotest011.de,+49-40-1011005,Assistant,{{ACCOUNT_ID}},HO_Test_Account_011
Felix,Brandt,felix.brandt@hotest012.de,+49-40-1012001,CEO,{{ACCOUNT_ID}},HO_Test_Account_012
Lena,Berger,lena.berger@hotest012.de,+49-40-1012002,HR Manager,{{ACCOUNT_ID}},HO_Test_Account_012
Tim,Dietrich,tim.dietrich@hotest012.de,+49-40-1012003,HR Specialist,{{ACCOUNT_ID}},HO_Test_Account_012
Hannah,Stein,hannah.stein@hotest012.de,+49-40-1012004,Recruiter,{{ACCOUNT_ID}},HO_Test_Account_012
Jonas,Busch,jonas.busch@hotest012.de,+49-40-1012005,Assistant,{{ACCOUNT_ID}},HO_Test_Account_012
David,Vogt,david.vogt@hotest013.de,+49-69-1013001,CEO,{{ACCOUNT_ID}},HO_Test_Account_013
Sophia,Seidel,sophia.seidel@hotest013.de,+49-69-1013002,HR Manager,{{ACCOUNT_ID}},HO_Test_Account_013
Jan,Pohl,jan.pohl@hotest013.de,+49-69-1013003,HR Specialist,{{ACCOUNT_ID}},HO_Test_Account_013
Marie,Beck,marie.beck@hotest013.de,+49-69-1013004,Recruiter,{{ACCOUNT_ID}},HO_Test_Account_013
Niklas,Kuhn,niklas.kuhn@hotest013.de,+49-69-1013005,Assistant,{{ACCOUNT_ID}},HO_Test_Account_013
Alexander,Roth,alexander.roth@hotest014.de,+49-69-1014001,CEO,{{ACCOUNT_ID}},HO_Test_Account_014
Mia,Wolff,mia.wolff@hotest014.de,+49-69-1014002,HR Manager,{{ACCOUNT_ID}},HO_Test_Account_014
Paul,Günther,paul.guenther@hotest014.de,+49-69-1014003,HR Specialist,{{ACCOUNT_ID}},HO_Test_Account_014
Emily,Keller,emily.keller@hotest014.de,+49-69-1014004,Recruiter,{{ACCOUNT_ID}},HO_Test_Account_014
Elias,Pfeiffer,elias.pfeiffer@hotest014.de,+49-69-1014005,Assistant,{{ACCOUNT_ID}},HO_Test_Account_014
Moritz,Frank,moritz.frank@hotest015.de,+49-69-1015001,CEO,{{ACCOUNT_ID}},HO_Test_Account_015
Lea,Schubert,lea.schubert@hotest015.de,+49-69-1015002,HR Manager,{{ACCOUNT_ID}},HO_Test_Account_015
Simon,Winkler,simon.winkler@hotest015.de,+49-69-1015003,HR Specialist,{{ACCOUNT_ID}},HO_Test_Account_015
Amelie,Ziegler,amelie.ziegler@hotest015.de,+49-69-1015004,Recruiter,{{ACCOUNT_ID}},HO_Test_Account_015
Luis,Otto,luis.otto@hotest015.de,+49-69-1015005,Assistant,{{ACCOUNT_ID}},HO_Test_Account_015
Noah,Groß,noah.gross@hotest016.de,+49-69-1016001,CEO,{{ACCOUNT_ID}},HO_Test_Account_016
Clara,Sommer,clara.sommer@hotest016.de,+49-69-1016002,HR Manager,{{ACCOUNT_ID}},HO_Test_Account_016
Ben,Jung,ben.jung@hotest016.de,+49-69-1016003,HR Specialist,{{ACCOUNT_ID}},HO_Test_Account_016
Lara,Hahn,lara.hahn@hotest016.de,+49-69-1016004,Recruiter,{{ACCOUNT_ID}},HO_Test_Account_016
Finn,Kramer,finn.kramer@hotest016.de,+49-69-1016005,Assistant,{{ACCOUNT_ID}},HO_Test_Account_016
Julian,Voß,julian.voss@hotest017.de,+49-221-1017001,CEO,{{ACCOUNT_ID}},HO_Test_Account_017
Emilia,Krämer,emilia.kraemer@hotest017.de,+49-221-1017002,HR Manager,{{ACCOUNT_ID}},HO_Test_Account_017
Philipp,Böhmer,philipp.boehmer@hotest017.de,+49-221-1017003,HR Specialist,{{ACCOUNT_ID}},HO_Test_Account_017
Charlotte,Schäfer,charlotte.schaefer@hotest017.de,+49-221-1017004,Recruiter,{{ACCOUNT_ID}},HO_Test_Account_017
Oscar,Lindner,oscar.lindner@hotest017.de,+49-221-1017005,Assistant,{{ACCOUNT_ID}},HO_Test_Account_017
Anton,Hübner,anton.huebner@hotest018.de,+49-221-1018001,CEO,{{ACCOUNT_ID}},HO_Test_Account_018
Victoria,Kraus,victoria.kraus@hotest018.de,+49-221-1018002,HR Manager,{{ACCOUNT_ID}},HO_Test_Account_018
Maximilian,Walter,maximilian.walter@hotest018.de,+49-221-1018003,HR Specialist,{{ACCOUNT_ID}},HO_Test_Account_018
Isabella,Möller,isabella.moeller@hotest018.de,+49-221-1018004,Recruiter,{{ACCOUNT_ID}},HO_Test_Account_018
Jakob,Steiner,jakob.steiner@hotest018.de,+49-221-1018005,Assistant,{{ACCOUNT_ID}},HO_Test_Account_018
Theo,Naumann,theo.naumann@hotest019.de,+49-221-1019001,CEO,{{ACCOUNT_ID}},HO_Test_Account_019
Johanna,Fiedler,johanna.fiedler@hotest019.de,+49-221-1019002,HR Manager,{{ACCOUNT_ID}},HO_Test_Account_019
Erik,Kunze,erik.kunze@hotest019.de,+49-221-1019003,HR Specialist,{{ACCOUNT_ID}},HO_Test_Account_019
Paulina,Heim,paulina.heim@hotest019.de,+49-221-1019004,Recruiter,{{ACCOUNT_ID}},HO_Test_Account_019
Linus,Köster,linus.koester@hotest019.de,+49-221-1019005,Assistant,{{ACCOUNT_ID}},HO_Test_Account_019
Milan,Weiß,milan.weiss@hotest020.de,+49-221-1020001,CEO,{{ACCOUNT_ID}},HO_Test_Account_020
Frieda,Dietrich,frieda.dietrich@hotest020.de,+49-221-1020002,HR Manager,{{ACCOUNT_ID}},HO_Test_Account_020
Carl,Ernst,carl.ernst@hotest020.de,+49-221-1020003,HR Specialist,{{ACCOUNT_ID}},HO_Test_Account_020
Antonia,Ritter,antonia.ritter@hotest020.de,+49-221-1020004,Recruiter,{{ACCOUNT_ID}},HO_Test_Account_020
Vincent,Bachmann,vincent.bachmann@hotest020.de,+49-221-1020005,Assistant,{{ACCOUNT_ID}},HO_Test_Account_020
Henry,Hauser,henry.hauser@hotest021.de,+49-711-1021001,CEO,{{ACCOUNT_ID}},HO_Test_Account_021
Ella,Krug,ella.krug@hotest021.de,+49-711-1021002,HR Manager,{{ACCOUNT_ID}},HO_Test_Account_021
Samuel,Schilling,samuel.schilling@hotest021.de,+49-711-1021003,HR Specialist,{{ACCOUNT_ID}},HO_Test_Account_021
Nele,Burger,nele.burger@hotest021.de,+49-711-1021004,Recruiter,{{ACCOUNT_ID}},HO_Test_Account_021
Leonard,Eckert,leonard.eckert@hotest021.de,+49-711-1021005,Assistant,{{ACCOUNT_ID}},HO_Test_Account_021
Matteo,Hermann,matteo.hermann@hotest022.de,+49-711-1022001,CEO,{{ACCOUNT_ID}},HO_Test_Account_022
Ida,Kruse,ida.kruse@hotest022.de,+49-711-1022002,HR Manager,{{ACCOUNT_ID}},HO_Test_Account_022
Rafael,Wolter,rafael.wolter@hotest022.de,+49-711-1022003,HR Specialist,{{ACCOUNT_ID}},HO_Test_Account_022
Greta,Förster,greta.foerster@hotest022.de,+49-711-1022004,Recruiter,{{ACCOUNT_ID}},HO_Test_Account_022
Aaron,Schenk,aaron.schenk@hotest022.de,+49-711-1022005,Assistant,{{ACCOUNT_ID}},HO_Test_Account_022
Emil,Brinkmann,emil.brinkmann@hotest023.de,+49-711-1023001,CEO,{{ACCOUNT_ID}},HO_Test_Account_023
Mila,Michels,mila.michels@hotest023.de,+49-711-1023002,HR Manager,{{ACCOUNT_ID}},HO_Test_Account_023
Robin,Thiel,robin.thiel@hotest023.de,+49-711-1023003,HR Specialist,{{ACCOUNT_ID}},HO_Test_Account_023
Zoe,Wendt,zoe.wendt@hotest023.de,+49-711-1023004,Recruiter,{{ACCOUNT_ID}},HO_Test_Account_023
Fabian,Born,fabian.born@hotest023.de,+49-711-1023005,Assistant,{{ACCOUNT_ID}},HO_Test_Account_023
Oskar,Bock,oskar.bock@hotest024.de,+49-711-1024001,CEO,{{ACCOUNT_ID}},HO_Test_Account_024
Helena,Rudolph,helena.rudolph@hotest024.de,+49-711-1024002,HR Manager,{{ACCOUNT_ID}},HO_Test_Account_024
Till,Fink,till.fink@hotest024.de,+49-711-1024003,HR Specialist,{{ACCOUNT_ID}},HO_Test_Account_024
Alma,Nowak,alma.nowak@hotest024.de,+49-711-1024004,Recruiter,{{ACCOUNT_ID}},HO_Test_Account_024
Nico,Menzel,nico.menzel@hotest024.de,+49-711-1024005,Assistant,{{ACCOUNT_ID}},HO_Test_Account_024
Hannes,Pfeifer,hannes.pfeifer@hotest025.de,+49-211-1025001,CEO,{{ACCOUNT_ID}},HO_Test_Account_025
Ronja,Köhn,ronja.koehn@hotest025.de,+49-211-1025002,HR Manager,{{ACCOUNT_ID}},HO_Test_Account_025
Jonathan,Adler,jonathan.adler@hotest025.de,+49-211-1025003,HR Specialist,{{ACCOUNT_ID}},HO_Test_Account_025
Mathilda,Hinz,mathilda.hinz@hotest025.de,+49-211-1025004,Recruiter,{{ACCOUNT_ID}},HO_Test_Account_025
Valentin,Dorn,valentin.dorn@hotest025.de,+49-211-1025005,Assistant,{{ACCOUNT_ID}},HO_Test_Account_025
Lennart,Kohl,lennart.kohl@hotest026.de,+49-211-1026001,CEO,{{ACCOUNT_ID}},HO_Test_Account_026
Leni,Reich,leni.reich@hotest026.de,+49-211-1026002,HR Manager,{{ACCOUNT_ID}},HO_Test_Account_026
Timo,Barth,timo.barth@hotest026.de,+49-211-1026003,HR Specialist,{{ACCOUNT_ID}},HO_Test_Account_026
Carla,Rauch,carla.rauch@hotest026.de,+49-211-1026004,Recruiter,{{ACCOUNT_ID}},HO_Test_Account_026
Jannik,Hamann,jannik.hamann@hotest026.de,+49-211-1026005,Assistant,{{ACCOUNT_ID}},HO_Test_Account_026
Konrad,Zimmer,konrad.zimmer@hotest027.de,+49-211-1027001,CEO,{{ACCOUNT_ID}},HO_Test_Account_027
Theresa,Ebert,theresa.ebert@hotest027.de,+49-211-1027002,HR Manager,{{ACCOUNT_ID}},HO_Test_Account_027
Dennis,Marx,dennis.marx@hotest027.de,+49-211-1027003,HR Specialist,{{ACCOUNT_ID}},HO_Test_Account_027
Paula,Geiger,paula.geiger@hotest027.de,+49-211-1027004,Recruiter,{{ACCOUNT_ID}},HO_Test_Account_027
Marcel,Stephan,marcel.stephan@hotest027.de,+49-211-1027005,Assistant,{{ACCOUNT_ID}},HO_Test_Account_027
Bruno,Henkel,bruno.henkel@hotest028.de,+49-211-1028001,CEO,{{ACCOUNT_ID}},HO_Test_Account_028
Juna,Lauer,juna.lauer@hotest028.de,+49-211-1028002,HR Manager,{{ACCOUNT_ID}},HO_Test_Account_028
Florian,Kremer,florian.kremer@hotest028.de,+49-211-1028003,HR Specialist,{{ACCOUNT_ID}},HO_Test_Account_028
Miriam,Auer,miriam.auer@hotest028.de,+49-211-1028004,Recruiter,{{ACCOUNT_ID}},HO_Test_Account_028
Tobias,Rupp,tobias.rupp@hotest028.de,+49-211-1028005,Assistant,{{ACCOUNT_ID}},HO_Test_Account_028
Gustav,Sauer,gustav.sauer@hotest029.de,+49-341-1029001,CEO,{{ACCOUNT_ID}},HO_Test_Account_029
Lia,Busse,lia.busse@hotest029.de,+49-341-1029002,HR Manager,{{ACCOUNT_ID}},HO_Test_Account_029
Bastian,Beckmann,bastian.beckmann@hotest029.de,+49-341-1029003,HR Specialist,{{ACCOUNT_ID}},HO_Test_Account_029
Selina,Hartung,selina.hartung@hotest029.de,+49-341-1029004,Recruiter,{{ACCOUNT_ID}},HO_Test_Account_029
Patrick,Scherer,patrick.scherer@hotest029.de,+49-341-1029005,Assistant,{{ACCOUNT_ID}},HO_Test_Account_029
Ralf,Bender,ralf.bender@hotest030.de,+49-341-1030001,CEO,{{ACCOUNT_ID}},HO_Test_Account_030
Svenja,Seitz,svenja.seitz@hotest030.de,+49-341-1030002,HR Manager,{{ACCOUNT_ID}},HO_Test_Account_030
Marvin,Heß,marvin.hess@hotest030.de,+49-341-1030003,HR Specialist,{{ACCOUNT_ID}},HO_Test_Account_030
Vanessa,Witt,vanessa.witt@hotest030.de,+49-341-1030004,Recruiter,{{ACCOUNT_ID}},HO_Test_Account_030
Kevin,Ullrich,kevin.ullrich@hotest030.de,+49-341-1030005,Assistant,{{ACCOUNT_ID}},HO_Test_Account_030
Gerrit,Beyer,gerrit.beyer@hotest031.de,+49-341-1031001,CEO,{{ACCOUNT_ID}},HO_Test_Account_031
Sina,Hofer,sina.hofer@hotest031.de,+49-341-1031002,HR Manager,{{ACCOUNT_ID}},HO_Test_Account_031
Dominik,Jahn,dominik.jahn@hotest031.de,+49-341-1031003,HR Specialist,{{ACCOUNT_ID}},HO_Test_Account_031
Melanie,Hirsch,melanie.hirsch@hotest031.de,+49-341-1031004,Recruiter,{{ACCOUNT_ID}},HO_Test_Account_031
Sascha,Köpp,sascha.koepp@hotest031.de,+49-341-1031005,Assistant,{{ACCOUNT_ID}},HO_Test_Account_031
Sven,Michel,sven.michel@hotest032.de,+49-341-1032001,CEO,{{ACCOUNT_ID}},HO_Test_Account_032
Diana,Kessler,diana.kessler@hotest032.de,+49-341-1032002,HR Manager,{{ACCOUNT_ID}},HO_Test_Account_032
Marco,Kramer,marco.kramer@hotest032.de,+49-341-1032003,HR Specialist,{{ACCOUNT_ID}},HO_Test_Account_032
Anja,Rau,anja.rau@hotest032.de,+49-341-1032004,Recruiter,{{ACCOUNT_ID}},HO_Test_Account_032
Steffen,Straub,steffen.straub@hotest032.de,+49-341-1032005,Assistant,{{ACCOUNT_ID}},HO_Test_Account_032
Jens,Ackermann,jens.ackermann@hotest033.de,+49-351-1033001,CEO,{{ACCOUNT_ID}},HO_Test_Account_033
Tanja,Bruns,tanja.bruns@hotest033.de,+49-351-1033002,HR Manager,{{ACCOUNT_ID}},HO_Test_Account_033
Thorsten,Eichler,thorsten.eichler@hotest033.de,+49-351-1033003,HR Specialist,{{ACCOUNT_ID}},HO_Test_Account_033
Bianca,Funk,bianca.funk@hotest033.de,+49-351-1033004,Recruiter,{{ACCOUNT_ID}},HO_Test_Account_033
Oliver,Heil,oliver.heil@hotest033.de,+49-351-1033005,Assistant,{{ACCOUNT_ID}},HO_Test_Account_033
René,Kahl,rene.kahl@hotest034.de,+49-351-1034001,CEO,{{ACCOUNT_ID}},HO_Test_Account_034
Nadine,Langer,nadine.langer@hotest034.de,+49-351-1034002,HR Manager,{{ACCOUNT_ID}},HO_Test_Account_034
Karsten,Mühl,karsten.muehl@hotest034.de,+49-351-1034003,HR Specialist,{{ACCOUNT_ID}},HO_Test_Account_034
Daniela,Noll,daniela.noll@hotest034.de,+49-351-1034004,Recruiter,{{ACCOUNT_ID}},HO_Test_Account_034
Dirk,Pape,dirk.pape@hotest034.de,+49-351-1034005,Assistant,{{ACCOUNT_ID}},HO_Test_Account_034
Ingo,Quandt,ingo.quandt@hotest035.de,+49-351-1035001,CEO,{{ACCOUNT_ID}},HO_Test_Account_035
Heike,Riedel,heike.riedel@hotest035.de,+49-351-1035002,HR Manager,{{ACCOUNT_ID}},HO_Test_Account_035
Matthias,Stark,matthias.stark@hotest035.de,+49-351-1035003,HR Specialist,{{ACCOUNT_ID}},HO_Test_Account_035
Claudia,Tesch,claudia.tesch@hotest035.de,+49-351-1035004,Recruiter,{{ACCOUNT_ID}},HO_Test_Account_035
Holger,Vetter,holger.vetter@hotest035.de,+49-351-1035005,Assistant,{{ACCOUNT_ID}},HO_Test_Account_035
Axel,Wille,axel.wille@hotest036.de,+49-351-1036001,CEO,{{ACCOUNT_ID}},HO_Test_Account_036
Bettina,Zander,bettina.zander@hotest036.de,+49-351-1036002,HR Manager,{{ACCOUNT_ID}},HO_Test_Account_036
Carsten,Anders,carsten.anders@hotest036.de,+49-351-1036003,HR Specialist,{{ACCOUNT_ID}},HO_Test_Account_036
Doris,Bartel,doris.bartel@hotest036.de,+49-351-1036004,Recruiter,{{ACCOUNT_ID}},HO_Test_Account_036
Eduard,Conrad,eduard.conrad@hotest036.de,+49-351-1036005,Assistant,{{ACCOUNT_ID}},HO_Test_Account_036
Fritz,Denk,fritz.denk@hotest037.de,+49-511-1037001,CEO,{{ACCOUNT_ID}},HO_Test_Account_037
Gabriele,Ehrlich,gabriele.ehrlich@hotest037.de,+49-511-1037002,HR Manager,{{ACCOUNT_ID}},HO_Test_Account_037
Herbert,Faber,herbert.faber@hotest037.de,+49-511-1037003,HR Specialist,{{ACCOUNT_ID}},HO_Test_Account_037
Irene,Gerlach,irene.gerlach@hotest037.de,+49-511-1037004,Recruiter,{{ACCOUNT_ID}},HO_Test_Account_037
Joachim,Herbst,joachim.herbst@hotest037.de,+49-511-1037005,Assistant,{{ACCOUNT_ID}},HO_Test_Account_037
Ludwig,Isenberg,ludwig.isenberg@hotest038.de,+49-511-1038001,CEO,{{ACCOUNT_ID}},HO_Test_Account_038
Manuela,Just,manuela.just@hotest038.de,+49-511-1038002,HR Manager,{{ACCOUNT_ID}},HO_Test_Account_038
Norbert,Kaiser,norbert.kaiser@hotest038.de,+49-511-1038003,HR Specialist,{{ACCOUNT_ID}},HO_Test_Account_038
Rita,Lemke,rita.lemke@hotest038.de,+49-511-1038004,Recruiter,{{ACCOUNT_ID}},HO_Test_Account_038
Siegfried,Mertens,siegfried.mertens@hotest038.de,+49-511-1038005,Assistant,{{ACCOUNT_ID}},HO_Test_Account_038
Ullrich,Nagel,ullrich.nagel@hotest039.de,+49-511-1039001,CEO,{{ACCOUNT_ID}},HO_Test_Account_039
Verena,Opitz,verena.opitz@hotest039.de,+49-511-1039002,HR Manager,{{ACCOUNT_ID}},HO_Test_Account_039
Wilfried,Probst,wilfried.probst@hotest039.de,+49-511-1039003,HR Specialist,{{ACCOUNT_ID}},HO_Test_Account_039
Yvonne,Rose,yvonne.rose@hotest039.de,+49-511-1039004,Recruiter,{{ACCOUNT_ID}},HO_Test_Account_039
Albert,Stock,albert.stock@hotest039.de,+49-511-1039005,Assistant,{{ACCOUNT_ID}},HO_Test_Account_039
Bernhard,Uhlig,bernhard.uhlig@hotest040.de,+49-511-1040001,CEO,{{ACCOUNT_ID}},HO_Test_Account_040
Christine,Vogel,christine.vogel@hotest040.de,+49-511-1040002,HR Manager,{{ACCOUNT_ID}},HO_Test_Account_040
Detlef,Weber,detlef.weber@hotest040.de,+49-511-1040003,HR Specialist,{{ACCOUNT_ID}},HO_Test_Account_040
Elke,Zink,elke.zink@hotest040.de,+49-511-1040004,Recruiter,{{ACCOUNT_ID}},HO_Test_Account_040
Ferdinand,Adam,ferdinand.adam@hotest040.de,+49-511-1040005,Assistant,{{ACCOUNT_ID}},HO_Test_Account_040
